{
  "base_r2": 0.9348771764582642,
  "correction_r2": 0.9411558916811515,
  "weights": [
    0.2908935526555163,
    0.7091064473444837
  ],
  "matched_test_fraction": 0.8888888888888888,
  "submission_shape": [
    41778,
    2
  ]
}