{
  "validation_rows": 10213,
  "scores": {
    "XGBoostRegressor": 0.787757872915572,
    "LightGBMRegressor": 0.7630115215977289,
    "WeightedTop3Ensemble": 0.7877597496522448,
    "Day49CorrectionHoldout": 0.9076677048703979,
    "Day49CorrectionXGBoostWeight": 0.3110109701768371,
    "Day49CorrectionCatBoostWeight": 0.6889890298231629
  },
  "ranked_base_models": [
    "XGBoostRegressor",
    "LightGBMRegressor"
  ],
  "ensemble_models": [
    "XGBoostRegressor",
    "LightGBMRegressor"
  ],
  "ensemble_weights": {
    "XGBoostRegressor": 0.9913669681700317,
    "LightGBMRegressor": 0.008633031829968524
  },
  "submission_shape": [
    41778,
    2
  ]
}