{
  "base_r2": 0.6388826274274106,
  "correction_r2": 0.6968284868182938,
  "weights": [
    0.0,
    1.0
  ],
  "matched_test_fraction": 0.8888888888888888,
  "submission_shape": [
    41778,
    2
  ]
}